{"status": "PASS", "plaintext": "Mathur op", "metrics": {"sig_verify_ms": 8.381843566894531, "kem_decaps_ms": 1.0023117065429688, "aes_dec_ms": 0.0, "total_crypto_ms": 9.3841552734375}, "kem_ct_len": 1088, "aes_ct_len": 25, "sig_len": 3309, "timestamp": 1776967945.6619482}